gender,name/title,name/first,name/last,location/street/number,location/street/name,location/city,location/state,location/country,location/postcode,location/coordinates/latitude,location/coordinates/longitude,location/timezone/offset,location/timezone/description,email,login/uuid,login/username,login/password,login/salt,login/md5,login/sha1,login/sha256,dob/date,dob/age,registered/date,registered/age,phone,cell,id/name,id/value,picture/large,picture/medium,picture/thumbnail,nat
male,Mr,سام,صدر,8484,میدان شهیدان رحیمی,مشهد,گلستان,Iran,99521,31.4115,-152.4621,-2:00,Mid-Atlantic,sm.sdr@example.com,665dcbef-1b8a-4092-99fe-f2ef5a08d77b,yellowtiger959,mexican,gTGNcJig,b06296700af6035007ebcfe240c2a00f,62c5d9c5f2a91ef20419e517c2c46aad323b41d4,85a31ddffb373d72b664549ec221d1f5c8722612e41c6b9e68020d6443c693b3,1953-03-18T08:17:00.062Z,68,2017-09-04T11:23:47.956Z,4,036-05844788,0933-792-6255,,,https://randomuser.me/api/portraits/men/96.jpg,https://randomuser.me/api/portraits/med/men/96.jpg,https://randomuser.me/api/portraits/thumb/men/96.jpg,IR
female,Mrs,Melike,Adal,7889,Mevlana Cd,Tokat,Bilecik,Turkey,58499,68.2823,117.8353,+9:30,"Adelaide, Darwin",melike.adal@example.com,54bf3949-9efa-407e-8eb2-8a845e2cb0af,purplezebra415,1960,QIsw3iWS,841b24c34f5279cd5631fd096da329c0,b9db5de9aeed250abdb8d41b33994c3d073971c2,718e955ba0a923e2725fa910cfeb1c4b7d77afef7b92832977aeddcf5df83e8f,1946-03-18T04:29:58.103Z,75,2018-01-21T22:23:47.423Z,3,(877)-522-2895,(049)-283-8904,,,https://randomuser.me/api/portraits/women/50.jpg,https://randomuser.me/api/portraits/med/women/50.jpg,https://randomuser.me/api/portraits/thumb/women/50.jpg,TR
male,Mr,Piotr,Jonassen,7845,Kongeveien,Byrkjelo,Vest-Agder,Norway,5986,-26.8701,-169.6251,+5:00,"Ekaterinburg, Islamabad, Karachi, Tashkent",piotr.jonassen@example.com,e8ecb834-4df8-407f-8d5d-e06c5c6ac71e,redwolf402,campbell,Nd4PnUFR,7fd71e66649779058d4467fa370da167,00ae314380d4ab7220f7948103b561d7c714878c,cc3a3364c1fa499026785d356e1f43ea428d4dc069cf2472f7cd66f241f27343,1968-10-23T20:07:30.672Z,53,2003-11-23T01:04:08.235Z,18,27647052,94947134,FN,23106842914,https://randomuser.me/api/portraits/men/41.jpg,https://randomuser.me/api/portraits/med/men/41.jpg,https://randomuser.me/api/portraits/thumb/men/41.jpg,NO
female,Mrs,Yara,Dinç,5885,Jagerakker,Parrega,Noord-Brabant,Netherlands,85513,-1.8348,51.1796,+1:00,"Brussels, Copenhagen, Madrid, Paris",yara.dinc@example.com,0ea3c8b3-af57-4161-ba7b-084d7f6c1672,redleopard538,pegasus,Xd0x401b,69a9af83b399519c672d971397e5b9e7,8d64e6e843d4ce44bed8b8c575fb09cc707c56cf,958a45c5ef1f1ab539d185a4f2d979a7fecdfdc2bc90e348b5961812a4c95767,1991-11-28T05:32:47.325Z,30,2011-05-23T23:23:55.530Z,10,(385)-293-8606,(924)-696-5737,BSN,99052596,https://randomuser.me/api/portraits/women/19.jpg,https://randomuser.me/api/portraits/med/women/19.jpg,https://randomuser.me/api/portraits/thumb/women/19.jpg,NL
female,Mrs,Ella,Leinonen,8680,Pirkankatu,Juupajoki,Central Finland,Finland,50876,27.4725,76.8479,+5:30,"Bombay, Calcutta, Madras, New Delhi",ella.leinonen@example.com,bf2779da-8dc0-4f6e-bd0a-b87d834d84e5,browndog154,corvet07,WewXY4hS,a1cdd70c88e90419b77af16b78574259,e07252d4da67d703143fa6ec1993b969024e6f09,113bee5e3895ec07110b7d0e39852ee5f8e61fa165343f9abf6adfcede196194,1950-07-11T13:59:08.242Z,71,2018-01-05T01:55:30.121Z,3,06-563-804,049-241-46-64,HETU,NaNNA898undefined,https://randomuser.me/api/portraits/women/14.jpg,https://randomuser.me/api/portraits/med/women/14.jpg,https://randomuser.me/api/portraits/thumb/women/14.jpg,FI
male,Mr,Aaron,Rodriguez,4879,Richmond Road,Leicester,Greater Manchester,United Kingdom,R01 5QN,61.5970,48.0468,+10:00,"Eastern Australia, Guam, Vladivostok",aaron.rodriguez@example.com,09e479f9-9c5b-4ef0-838f-a7c286bd8307,sadbutterfly105,patches,Akhceczl,17a0f98dbf76b7ba00e5f9ea65d88f39,64283cc8325caa3a5744d270e88e4799aad2bb5d,249d56ab5b760397e3323395810a89f1ac5793ff045801668e7ce01cef31d5fd,1961-05-06T10:20:17.173Z,60,2018-03-29T00:30:49.319Z,3,01548 382761,0796-705-183,NINO,WP 79 75 50 Z,https://randomuser.me/api/portraits/men/3.jpg,https://randomuser.me/api/portraits/med/men/3.jpg,https://randomuser.me/api/portraits/thumb/men/3.jpg,GB
female,Miss,Lauren,Frazier,6742,Park Avenue,Greystones,Longford,Ireland,42878,51.5940,-153.1733,+11:00,"Magadan, Solomon Islands, New Caledonia",lauren.frazier@example.com,5cce1b44-201e-4298-a6d0-7f4717b96efd,lazyladybug643,oliver,TvXIJnML,eabc3f6d007e793c8fc493b0b75c43db,50cf4c1730f4e77a89712a0333dc240e43723107,b9760ac34e10cd79644344457a6195187b92a4e77c0e49d31c26dae9c8051991,1991-01-07T06:39:12.815Z,30,2018-06-30T13:39:47.192Z,3,051-780-0357,081-654-5108,PPS,9730939T,https://randomuser.me/api/portraits/women/84.jpg,https://randomuser.me/api/portraits/med/women/84.jpg,https://randomuser.me/api/portraits/thumb/women/84.jpg,IE
male,Mr,Stanley,Elliott,1721,Avondale Ave,Greensboro,Alaska,United States,90751,5.6763,-0.3343,+4:30,Kabul,stanley.elliott@example.com,0cf7a767-6210-4106-bab1-04e0145ea312,whiterabbit580,shaolin,TG42Dikt,c394edbaeb97614e951a1a6d7a03ddf1,0f7e4e8102f836cbec21853b45ab46a4bc7b78de,cb8c4188c22a392e4d1d9626ef35710170cd38e26b7bf7b370eeaee44d9ce7af,1974-03-15T19:49:26.239Z,47,2009-09-13T22:33:42.265Z,12,(492)-865-1986,(844)-362-3444,SSN,583-39-2252,https://randomuser.me/api/portraits/men/64.jpg,https://randomuser.me/api/portraits/med/men/64.jpg,https://randomuser.me/api/portraits/thumb/men/64.jpg,US
male,Mr,Onur,Samancı,9685,Mevlana Cd,Çanakkale,Sivas,Turkey,24533,6.8411,-15.1770,-2:00,Mid-Atlantic,onur.samanci@example.com,d5d4ca28-f844-4709-85d3-935fb5ff5b6d,tinydog841,indain,wRMtXvAr,7ed76bf2559af496c08af76863303f00,83630f85b5a3462278dd0611c80bf68e235de8d8,8f97dc3ddaad8da9fa36afb0cae5317ff2fddd8a447de389b885fed493638f86,1949-09-16T03:03:11.388Z,72,2011-09-22T09:11:21.156Z,10,(038)-700-7391,(395)-664-6332,,,https://randomuser.me/api/portraits/men/95.jpg,https://randomuser.me/api/portraits/med/men/95.jpg,https://randomuser.me/api/portraits/thumb/men/95.jpg,TR
male,Mr,Flynn,Johnson,3940,Devon Street,Hastings,Manawatu-Wanganui,New Zealand,41448,-79.9279,170.2602,-4:00,"Atlantic Time (Canada), Caracas, La Paz",flynn.johnson@example.com,cee0a3bd-6ec7-4b23-80cb-a38bdba23dcb,yellowtiger872,lian,2VPhw3gY,c85f190ae74248d9e58b7029c6e29f3e,37c4f5311ecc9a9986f5302c3c7e7f7778dbef40,cf122d00672008f428f7ef01208b34c2cf61fdae6b36cffedf79f433d56b4762,1985-11-20T13:52:13.227Z,36,2003-05-31T17:02:29.259Z,18,(283)-543-5273,(085)-046-8513,,,https://randomuser.me/api/portraits/men/46.jpg,https://randomuser.me/api/portraits/med/men/46.jpg,https://randomuser.me/api/portraits/thumb/men/46.jpg,NZ
male,Mr,Fletcher,Wang,3454,Chadwick Road,Rotorua,Otago,New Zealand,56788,16.2762,-121.9513,0:00,"Western Europe Time, London, Lisbon, Casablanca",fletcher.wang@example.com,c2a4907e-af85-421a-b25b-3569c729274f,yellowbird224,rams,3G65yro6,a7156bd7872d32f0be2bacc6901399bc,44df042a996b28fd64e8e9ff7a186fbb01f605c9,d3bc309f3ae0a1beb5e141b4fab6d96edf9dc62fd3a9dc7062caa06d0f48cd7c,1964-03-24T10:00:28.668Z,57,2009-12-31T22:20:08.943Z,12,(855)-930-3587,(781)-308-4922,,,https://randomuser.me/api/portraits/men/55.jpg,https://randomuser.me/api/portraits/med/men/55.jpg,https://randomuser.me/api/portraits/thumb/men/55.jpg,NZ
female,Mrs,Pia,Røsand,3581,Universitetsgata,Kvål,Oppland,Norway,7744,13.4571,-67.4303,-5:00,"Eastern Time (US & Canada), Bogota, Lima",pia.rosand@example.com,1eac192c-6b78-408d-9a9c-9b0299715014,angrybear515,carpet,1NyblAba,88bfea865dc38f5d43a12220de246280,f7cbfd8c4e3738cb312d0f3a33c87e77eef01da3,9efef49d7f213d6c324accef942ffa458bf18b767de60d69ad4483f22fabab50,1997-06-24T05:42:59.617Z,24,2009-06-04T11:24:02.415Z,12,75733419,99837012,FN,24069749492,https://randomuser.me/api/portraits/women/31.jpg,https://randomuser.me/api/portraits/med/women/31.jpg,https://randomuser.me/api/portraits/thumb/women/31.jpg,NO
male,Mr,Lorenzo,Ortega,2800,Avenida de Burgos,Gijón,Aragón,Spain,33932,-73.4459,-40.2839,0:00,"Western Europe Time, London, Lisbon, Casablanca",lorenzo.ortega@example.com,bfbad90e-bade-486c-9beb-980fa8941fa9,lazypanda870,playtime,wMSEQsCY,649723b34b6e14adb59d07387700aace,04e89593818c1bccedc6207c0f30b1b84c298501,2f4622a9eee250837846bcb14a2759b129e55e823808c584c6ab9abcecf938b3,1947-10-07T01:26:48.369Z,74,2016-06-05T05:32:21.050Z,5,905-986-628,611-089-527,DNI,04347067-L,https://randomuser.me/api/portraits/men/6.jpg,https://randomuser.me/api/portraits/med/men/6.jpg,https://randomuser.me/api/portraits/thumb/men/6.jpg,ES
male,Mr,Çetin,Alnıaçık,6069,Vatan Cd,Kocaeli,Kırıkkale,Turkey,39726,-12.3723,20.6221,-1:00,"Azores, Cape Verde Islands",cetin.alniacik@example.com,5b5c8939-9a87-49de-9abd-0158c987910e,yellowgorilla457,bertha,Fx5ilCLQ,623995581ac726b71a0a92bba5d9e516,ad728dbe7dfa8f3766a3c8a38374dfae21728f1c,29d369857d00352be8518caced4a40f0b35cff558902429e4ce64d2e425c489d,1992-03-30T07:16:22.391Z,29,2008-07-19T15:39:53.564Z,13,(914)-026-3380,(592)-688-7840,,,https://randomuser.me/api/portraits/men/87.jpg,https://randomuser.me/api/portraits/med/men/87.jpg,https://randomuser.me/api/portraits/thumb/men/87.jpg,TR
male,Mr,Jeremy,Clerx,8609,Amphionstraat,Kleverskerke,Friesland,Netherlands,82216,87.0516,79.5963,+5:45,Kathmandu,jeremy.clerx@example.com,50f5ff3e-3a20-460e-b8ed-7224cec886a6,yellowpanda502,clown,JoIuUFNB,933aa3ddec463b3aafc0a3c57afcf955,6d234e42f4bfe5b3bc98ec82d6c00da4864ba025,ef4aa9735af06df8ddd537df5495fda11cb3fcabf50bf0e5deb56eb0d59286e0,1988-03-03T06:49:13.775Z,33,2004-03-08T22:49:59.867Z,17,(090)-563-1609,(899)-740-0419,BSN,88023027,https://randomuser.me/api/portraits/men/8.jpg,https://randomuser.me/api/portraits/med/men/8.jpg,https://randomuser.me/api/portraits/thumb/men/8.jpg,NL
female,Ms,Liane,Stangl,9347,Schützenstraße,Lübeck,Saarland,Germany,51522,78.0002,-91.4769,+7:00,"Bangkok, Hanoi, Jakarta",liane.stangl@example.com,da93fd9d-6649-4457-a68d-54e4383e0db6,organicleopard303,jonjon,ZIye5pAV,18e2e6548df97c1658879be8098b0170,30be54d8054df8652e2f44ab75f10ef39f103272,fc1c999c96091bd876eac0b03f9390a14ef566e68d7e02c8e7c72fee0b600ca5,1989-12-06T01:54:38.306Z,32,2002-11-22T07:30:46.671Z,19,0212-8088192,0177-7749877,,,https://randomuser.me/api/portraits/women/56.jpg,https://randomuser.me/api/portraits/med/women/56.jpg,https://randomuser.me/api/portraits/thumb/women/56.jpg,DE
male,Mr,Joachim,Hestvik,603,Mosseveien,Vikersund,Vestfold,Norway,8438,84.3396,153.4977,+11:00,"Magadan, Solomon Islands, New Caledonia",joachim.hestvik@example.com,3b25ba4c-5647-4e2d-98f0-5dc10b5f24f8,heavykoala528,teaser,VshcRS1C,5659296a913dfe02aa9057f72a273f95,35832cecb25ecbe91853c3d194d0c2bd965eb9c5,13d78cb3ea4285da1e09f290edac950176f701b92943cf3ab72f8d823575dd74,1949-11-29T13:13:33.297Z,72,2013-10-22T04:52:25.400Z,8,76017956,44687374,FN,29114920361,https://randomuser.me/api/portraits/men/18.jpg,https://randomuser.me/api/portraits/med/men/18.jpg,https://randomuser.me/api/portraits/thumb/men/18.jpg,NO
male,Mr,Ben,Wagner,8536,Preston Rd,Shepparton,South Australia,Australia,728,21.9637,69.0046,-4:00,"Atlantic Time (Canada), Caracas, La Paz",ben.wagner@example.com,7a654d06-5463-4555-9ca1-5e1d8fedc173,crazymeercat468,ranch,OgpmoghQ,de891a6f9b6f365cd27acdfbc9066032,071be54759efc4cd4877de421ecc9d1419eef1c9,0d6ff3f2a61a306087224f3f44c630d5abbe2b262d5ed2a9b3e50c7c64033d00,1982-10-02T09:08:28.351Z,39,2008-01-20T06:40:26.455Z,13,09-5952-2867,0493-883-194,TFN,585431589,https://randomuser.me/api/portraits/men/46.jpg,https://randomuser.me/api/portraits/med/men/46.jpg,https://randomuser.me/api/portraits/thumb/men/46.jpg,AU
female,Mrs,Eliz,Rahimi,7220,Budkestraat,Marwijksoord,Gelderland,Netherlands,13928,63.7615,-39.3984,-7:00,Mountain Time (US & Canada),eliz.rahimi@example.com,87583b51-d907-49c8-a6d5-5d752a98e8ee,smallmouse667,marie,qobhLdl4,d200adbfc7967f3510f6379fc80e5acc,e7ee0fbf07c65f459bd36ea4b2952e21e7b548f5,898a67176833da3d3c388041456952cbc1edab0f8972088bb8ad181d6c7a58ab,1954-09-04T02:17:10.020Z,67,2012-11-01T03:26:41.360Z,9,(258)-501-7490,(723)-829-1328,BSN,24952906,https://randomuser.me/api/portraits/women/33.jpg,https://randomuser.me/api/portraits/med/women/33.jpg,https://randomuser.me/api/portraits/thumb/women/33.jpg,NL
male,Mr,Ben,Helleren,6593,Solemskogen,Napp,Hedmark,Norway,0962,-19.5636,-79.9874,-3:00,"Brazil, Buenos Aires, Georgetown",ben.helleren@example.com,3ebf0257-8d88-4e51-98ec-bd250d6f34cc,blackbutterfly814,raiders1,1quiY3fP,65321bd65cf7bdf22c8566b1fba7d435,8b237fee15bc54cf32ca6a0b6201b9f582b1e08f,12641baca9eb9460eade3805795989c3deeeb247362fd55e4b2771ffb5b0f7ec,1949-11-23T11:40:32.486Z,72,2017-04-16T07:31:28.958Z,4,79190565,95960497,FN,23114907723,https://randomuser.me/api/portraits/men/93.jpg,https://randomuser.me/api/portraits/med/men/93.jpg,https://randomuser.me/api/portraits/thumb/men/93.jpg,NO
female,Mrs,Jose,Morales,957,Calle de Téllez,Bilbao,País Vasco,Spain,23474,50.1797,74.1684,+9:00,"Tokyo, Seoul, Osaka, Sapporo, Yakutsk",jose.morales@example.com,935e683d-a603-4600-b007-f65a9b5572ec,orangerabbit426,wareagle,YWlzVmFs,232580e40f200509f6d14e47e2e7c377,547f4614d828d39406fe3465ae9067f3abb11d02,173e25903d43013bbf5555820744d7c65f023131bf0b5246da9434b89a26e79d,1975-08-18T01:23:14.037Z,46,2012-01-26T10:03:43.124Z,9,924-900-528,668-468-506,DNI,77839545-Y,https://randomuser.me/api/portraits/women/41.jpg,https://randomuser.me/api/portraits/med/women/41.jpg,https://randomuser.me/api/portraits/thumb/women/41.jpg,ES
female,Ms,Noélie,Brun,9162,Rue de L'Abbé-Soulange-Bodin,Strasbourg,Loiret,France,16564,80.9231,137.0361,-12:00,"Eniwetok, Kwajalein",noelie.brun@example.com,6c023d0d-61aa-4741-9145-9b7b47db8bd0,angrybutterfly437,dominiqu,tjvicPCO,20a77623d813353e32e46b3211c8533b,8515315c7e85ef8cff87f3daced2099a02033b2d,93eb5c0906e7f3cfa20a5f9070dba21a123262497ae8f78fe96a739a988074d0,1972-02-26T15:12:28.449Z,49,2017-08-17T13:13:18.275Z,4,04-90-25-59-20,06-19-40-45-81,INSEE,2NNaN66470572 00,https://randomuser.me/api/portraits/women/26.jpg,https://randomuser.me/api/portraits/med/women/26.jpg,https://randomuser.me/api/portraits/thumb/women/26.jpg,FR
male,Mr,Denzell,Koenen,6209,Amandelstraat,Hunsel,Groningen,Netherlands,66303,56.0214,-155.9440,-4:00,"Atlantic Time (Canada), Caracas, La Paz",denzell.koenen@example.com,08fd9a3d-220d-4f83-8175-6b0ab6e63169,greenkoala770,lucifer,bX9b7fot,fa24a903b9e00cbdc2f931412d49474b,6aa0ed3e10465436d3a2b3cd488d6ad0acb56f1c,e1433f5e30f44e81724c98309c416c3016f12f9775a8c7ca0c1e1e7a6feeb212,1981-08-08T01:42:09.762Z,40,2018-11-15T11:03:32.466Z,3,(850)-608-1594,(281)-796-6185,BSN,89892662,https://randomuser.me/api/portraits/men/47.jpg,https://randomuser.me/api/portraits/med/men/47.jpg,https://randomuser.me/api/portraits/thumb/men/47.jpg,NL
male,Mr,Fletcher,Hughes,4086,Anzac Parade,Taupo,Taranaki,New Zealand,23190,88.0548,2.4129,+2:00,"Kaliningrad, South Africa",fletcher.hughes@example.com,e586e227-9a2f-466e-9ef2-714956d08f4a,blackpeacock545,london,S7AFg9gC,d7a3ab48ebd90fe2d4b0b775fe62953c,7cc9b979b1b64beacb7f7afb0f3bf111d9f27529,da0d12a7aadb99f5589793f643861d674b8f1c8cb336dc9a1fc57b5ec50f7952,1986-08-27T13:15:23.394Z,35,2016-08-31T21:56:25.514Z,5,(122)-509-8516,(017)-437-4009,,,https://randomuser.me/api/portraits/men/9.jpg,https://randomuser.me/api/portraits/med/men/9.jpg,https://randomuser.me/api/portraits/thumb/men/9.jpg,NZ
female,Ms,Berit,Menges,8820,Schulweg,Schleusingen,Brandenburg,Germany,45643,62.6275,125.3973,+3:30,Tehran,berit.menges@example.com,bc61b171-bd06-43c9-b85c-8a73fb7c111e,happyleopard922,scarlet,4RZRvToK,d3c61dfcda2147706193fc7c24ce7f61,576622ac0161c337e8ed6f6ef0b6451a5a03ea7c,269fa21d8118d88040b4fa8ba951f5abd45494cbab1ae0c8690e610e29d7f953,1977-11-18T19:15:21.783Z,44,2015-03-13T19:22:20.454Z,6,0846-1623345,0179-4900304,,,https://randomuser.me/api/portraits/women/92.jpg,https://randomuser.me/api/portraits/med/women/92.jpg,https://randomuser.me/api/portraits/thumb/women/92.jpg,DE
female,Mrs,Özsu,Çapanoğlu,3362,Tunalı Hilmi Cd,Eskişehir,Ankara,Turkey,85771,-79.1605,29.1485,0:00,"Western Europe Time, London, Lisbon, Casablanca",ozsu.capanoglu@example.com,a52a1edf-fb71-4062-aec0-3614c4d9dfce,whitegorilla107,keyboard,nTMKao7R,3f8d5e329a6c7596e73da436c565794a,03de0f8e2df9fec82558a16daed90620fba904b2,f2ec0eae213ec8bbb54a44a180d7ef892ec745fea0e167b042b9812555591bf5,1994-08-22T02:42:00.679Z,27,2014-06-17T00:29:49.453Z,7,(743)-157-3165,(109)-732-0320,,,https://randomuser.me/api/portraits/women/33.jpg,https://randomuser.me/api/portraits/med/women/33.jpg,https://randomuser.me/api/portraits/thumb/women/33.jpg,TR
female,Mrs,Jamy,Hoogma,6260,Holtwijkerstraat,Sliedrecht,Noord-Brabant,Netherlands,48364,69.4031,8.9530,-5:00,"Eastern Time (US & Canada), Bogota, Lima",jamy.hoogma@example.com,b7d961e3-6c79-483d-8932-4e1dd2f4bcc7,angrybear649,nude,WIzfgZ77,7dd23cde1611669520f5dc343bbf80dd,1c08a2737ea0e5f65e00e4ddfab7850facd82ae0,101cd072dd8438ac8cc982e947b1b6eaaf3caeb9a5450c233fc5bba9aeb28128,1978-02-07T12:47:38.154Z,43,2016-02-16T23:20:22.918Z,5,(063)-500-3795,(522)-352-6719,BSN,25082786,https://randomuser.me/api/portraits/women/54.jpg,https://randomuser.me/api/portraits/med/women/54.jpg,https://randomuser.me/api/portraits/thumb/women/54.jpg,NL
female,Miss,Misty,Harvey,6040,Mockingbird Hill,Toowoomba,Australian Capital Territory,Australia,1098,87.7379,137.3515,+6:00,"Almaty, Dhaka, Colombo",misty.harvey@example.com,bcd365f0-9efc-4c41-8bbd-7e7771a2ba12,greenduck196,rhubarb,uSwBYD6J,d7ff226cd55cfab2e148fbee3f302b40,140177bb429aa69dc9172ab269200bbe432827c7,8e49e0fde3bda7a90b0c54452399645c230eec582971ba0d5fb12efa334952fb,1966-07-19T17:46:40.650Z,55,2008-04-05T12:32:18.071Z,13,00-8927-2153,0487-962-505,TFN,851676242,https://randomuser.me/api/portraits/women/80.jpg,https://randomuser.me/api/portraits/med/women/80.jpg,https://randomuser.me/api/portraits/thumb/women/80.jpg,AU
female,Mrs,Sophia,Lee,2162,Pine Hill Road,Whanganui,Taranaki,New Zealand,68141,36.6395,161.8707,-9:00,Alaska,sophia.lee@example.com,8a479dc4-b69e-4041-a4da-b9ea143311ab,biglion884,buckshot,30PnMjqc,ba5ef1d6014a4aacd2a01b6acf481620,27b107e8a731bc069a06db945c24757bf17ce094,f9acf9394232e234ee2ac8456e175d035d8bc09aedde5b856a7c8c69308d9b5b,1959-09-05T19:51:22.034Z,62,2004-01-05T19:59:30.289Z,17,(501)-972-1717,(982)-557-7589,,,https://randomuser.me/api/portraits/women/48.jpg,https://randomuser.me/api/portraits/med/women/48.jpg,https://randomuser.me/api/portraits/thumb/women/48.jpg,NZ
female,Mrs,Karin,Konradsen,5325,Nordstrand terrasse,Reine,Sør-Trøndelag,Norway,7121,-36.3505,28.2647,+5:00,"Ekaterinburg, Islamabad, Karachi, Tashkent",karin.konradsen@example.com,6b57f8f9-44d9-4bf6-9d62-e79e87528ef0,silvertiger621,abcdef,CMicWrr5,c850d63878b2b3f5c26229c88aa4b4d4,069e49fdb598558ac553da5104acb2374bcff518,e89a2791be7c612b000b0a8a4a1de512ff5aa6b1573279114d1f81f8e1dc82fe,1963-11-10T00:21:48.828Z,58,2011-06-15T18:44:10.154Z,10,24927553,98579648,FN,10116326251,https://randomuser.me/api/portraits/women/45.jpg,https://randomuser.me/api/portraits/med/women/45.jpg,https://randomuser.me/api/portraits/thumb/women/45.jpg,NO
male,Mr,Sean,Oliver,8869,Karen Dr,Geraldton,Western Australia,Australia,3327,47.5912,52.0368,+3:30,Tehran,sean.oliver@example.com,3982b384-0430-4190-ae9c-aa29549d813c,smallgoose942,hannah1,lie4NprG,18a59cd5c906e7a638d93983f1cb45f3,33891692e88bdf114d0f4dab66991b5bda9a556a,b1d0296cde03fa9dac19bf4917aae8dfbff3dc8d591206cc4864bba87de5632c,1952-10-29T11:52:30.613Z,69,2005-11-07T07:02:54.725Z,16,08-8700-0719,0491-633-466,TFN,594145906,https://randomuser.me/api/portraits/men/66.jpg,https://randomuser.me/api/portraits/med/men/66.jpg,https://randomuser.me/api/portraits/thumb/men/66.jpg,AU
male,Mr,Alan,Jennings,7148,Rectory Lane,Bangor,North Yorkshire,United Kingdom,PF88 8UX,-3.6645,164.4301,-3:30,Newfoundland,alan.jennings@example.com,1b35d4e2-54d3-47e8-8f0a-c5155ac845d4,whitegoose924,cancel,2tiLJnDo,ed9eaa4c8fc3c59e84bc17442614a9ed,bf212492847484499eaf93b46e5fe476964a1ddf,6e4c77526e269a1d6f3c8b0c93c361fbfdaf6d55fc300b4235d6100b718545ce,1952-08-05T23:06:53.306Z,69,2011-07-09T01:42:43.479Z,10,013873 55110,0744-105-802,NINO,LY 31 72 73 C,https://randomuser.me/api/portraits/men/60.jpg,https://randomuser.me/api/portraits/med/men/60.jpg,https://randomuser.me/api/portraits/thumb/men/60.jpg,GB
male,Mr,Mark,Stephens,6360,Lakeshore Rd,Dayton,Montana,United States,41695,-29.4457,-128.2126,-6:00,"Central Time (US & Canada), Mexico City",mark.stephens@example.com,cd1ab21c-1ded-4e3f-89a8-c8ea07ecfd16,orangedog802,bronson,B9FelzGI,ad3b833c874228dada29931e647a5f31,a7f9011e098b4571bdd17aa141837bdb2ea37708,d5b84358089bf95e17ef38649657411c22cb177edb401ebb236b0b223bee546d,1978-08-07T05:09:37.713Z,43,2012-08-26T05:46:36.817Z,9,(736)-233-8301,(502)-820-9888,SSN,303-80-4421,https://randomuser.me/api/portraits/men/29.jpg,https://randomuser.me/api/portraits/med/men/29.jpg,https://randomuser.me/api/portraits/thumb/men/29.jpg,US
male,Mr,Valtteri,Wirkkala,7170,Hämeentie,Merikarvia,Central Finland,Finland,79826,7.6861,-13.8879,-9:00,Alaska,valtteri.wirkkala@example.com,99e1b2e2-dc36-4c38-8f8c-598637f0093d,yellowgorilla169,2222,2KYVEjDn,b81891c4ef86b2b0b8a9acec0ea25a9f,753ffe1a1652b4f64394b2038244f3a979c495bc,bbb1757e268fb666a2c1b31305dfd90eaafde2b29e4e8fcbf2ac1826bea20d10,1948-05-19T15:14:51.838Z,73,2012-06-08T03:26:13.931Z,9,07-555-625,048-660-70-41,HETU,NaNNA795undefined,https://randomuser.me/api/portraits/men/48.jpg,https://randomuser.me/api/portraits/med/men/48.jpg,https://randomuser.me/api/portraits/thumb/men/48.jpg,FI
female,Miss,Amparo,Martin,947,Avenida del Planetario,Granada,Comunidad de Madrid,Spain,31048,35.9217,110.0892,-9:00,Alaska,amparo.martin@example.com,7ad90acc-c5e8-478e-b8d1-e0e9d9152520,organicbutterfly681,harald,Bpyp4AXu,3c3c5d4e803e5f58f3ab97ba83e9e406,bcff7c143de97017237209353882f064e4b8d8a4,d59b274f636b57155133cff7fe998268419926296b6d4b49c51c54e4cb9c789e,1964-05-10T08:54:54.556Z,57,2017-06-07T01:08:11.720Z,4,971-069-746,689-963-295,DNI,15697400-R,https://randomuser.me/api/portraits/women/11.jpg,https://randomuser.me/api/portraits/med/women/11.jpg,https://randomuser.me/api/portraits/thumb/women/11.jpg,ES
male,Mr,Abdelkhalek,Verhoog,7578,Kooksteen,Reek,Friesland,Netherlands,22153,31.1430,-15.0925,-3:00,"Brazil, Buenos Aires, Georgetown",abdelkhalek.verhoog@example.com,a40168e4-be04-488e-b02e-6078d2aa6b08,beautifultiger222,rated,IBwfdy95,ee252a5c2915e902c66b21cb0368ad2e,4eb5ee73c7a526a44e09ae6159f4751d9a821304,3dfd1c80c553678493d7a8332e9dd152933a739dd73552530aa6ccbc7071a64e,1980-05-08T08:03:23.728Z,41,2007-10-25T16:15:17.971Z,14,(086)-374-3049,(998)-526-7059,BSN,29756716,https://randomuser.me/api/portraits/men/94.jpg,https://randomuser.me/api/portraits/med/men/94.jpg,https://randomuser.me/api/portraits/thumb/men/94.jpg,NL
female,Miss,Dolores,Ryan,1575,Sunset St,Sterling Heights,Colorado,United States,72088,39.7848,-94.5778,-3:00,"Brazil, Buenos Aires, Georgetown",dolores.ryan@example.com,11b03649-066a-40cf-8f13-4867baf7d909,tinyswan468,shen,5MdMmmLv,5881920b728c6f81bc0ef8f514fc6ad6,dc5876ac9b4feddd6bdc6590ed31d4ed6e5282a4,f6430bb0b363f9f3664dffa7ee5e6e0251a0eb97197e1db395d55ba9a56b334f,1952-11-13T10:50:37.925Z,69,2010-10-12T03:24:43.047Z,11,(768)-465-5984,(727)-728-2969,SSN,494-37-6798,https://randomuser.me/api/portraits/women/78.jpg,https://randomuser.me/api/portraits/med/women/78.jpg,https://randomuser.me/api/portraits/thumb/women/78.jpg,US
female,Mrs,Aubrey,Ruiz,8853,Brown Terrace,Launceston,Western Australia,Australia,342,-87.7675,136.7366,+11:00,"Magadan, Solomon Islands, New Caledonia",aubrey.ruiz@example.com,29f63e1b-faa3-4d9d-bdf3-aa4e654860bb,bigpanda351,siemens,TcyeDmbI,36be3eb3d85a5227fd026e09f784ca40,6f58173fd34fa837dbf33b39d4c4e2c55bfff473,da52582f75ab41e784923c0260b5ef8c033ec6e6cf2cd775f7f656f9e8f4a8c4,1952-03-01T01:35:32.928Z,69,2007-04-06T01:12:32.776Z,14,00-5830-3605,0458-283-187,TFN,196426962,https://randomuser.me/api/portraits/women/43.jpg,https://randomuser.me/api/portraits/med/women/43.jpg,https://randomuser.me/api/portraits/thumb/women/43.jpg,AU
female,Mrs,Eva,White,4744,St. Catherine St,South River,Northwest Territories,Canada,T3V 2D8,-63.6183,76.9193,-8:00,Pacific Time (US & Canada),eva.white@example.com,f681f178-2b7c-4d12-8490-fe91911c66c7,heavygoose277,review,FkIuij8P,036c6d0e210f04001aa1ecc0ebad9eab,c959aae22409872c227237e4556fbc8b9d96b81a,35467743ad44464f4792182ea0491c6bd3ca75cef32c6809d391885348d48ca3,1966-11-01T13:18:15.347Z,55,2019-04-18T22:26:11.029Z,2,850-654-6606,001-514-4874,,,https://randomuser.me/api/portraits/women/30.jpg,https://randomuser.me/api/portraits/med/women/30.jpg,https://randomuser.me/api/portraits/thumb/women/30.jpg,CA
female,Mrs,سارا,حیدری,6963,کلاهدوز,قم,خراسان جنوبی,Iran,14139,-83.7723,-159.8278,+8:00,"Beijing, Perth, Singapore, Hong Kong",sr.hydry@example.com,f4f19b9e-dc36-4ebd-b5b3-9c68e9bfd792,crazygoose690,duckie,sWqBT1ez,1bdc81c775457f116749342bf05357a4,dddff88494de29b70fe47633e2292eb7a73ef07b,4a4298ad4a3a642175f9f5449d846a26814e2a342a16ab59c7619d11ee338dee,1986-08-31T15:09:27.123Z,35,2010-09-28T17:56:10.199Z,11,036-44461570,0941-315-4259,,,https://randomuser.me/api/portraits/women/16.jpg,https://randomuser.me/api/portraits/med/women/16.jpg,https://randomuser.me/api/portraits/thumb/women/16.jpg,IR
male,Mr,Gabriel,Novak,8735,Cedar St,Fountainbleu,New Brunswick,Canada,D8Q 2Y0,30.1818,-76.4138,-1:00,"Azores, Cape Verde Islands",gabriel.novak@example.com,6578f7e1-0606-4fdc-a875-a51d3b9903fb,redbutterfly988,uptown,NH768noG,94dad2398fecb24b7168ed751b2e19be,90811d55f298d1fe0efbd8ea765af625790d8fd9,401371c43f74e1b035e9b64ec2da89c768e8adf3224dc63653600ad44a035777,1950-03-24T01:47:56.544Z,71,2019-07-25T16:33:45.314Z,2,690-766-9573,551-679-9283,,,https://randomuser.me/api/portraits/men/37.jpg,https://randomuser.me/api/portraits/med/men/37.jpg,https://randomuser.me/api/portraits/thumb/men/37.jpg,CA
male,Mr,Thomas,Gonzales,7023,W Dallas St,Toowoomba,Queensland,Australia,7675,2.0276,156.0350,-4:00,"Atlantic Time (Canada), Caracas, La Paz",thomas.gonzales@example.com,60eb5c75-28c5-43a9-a1fb-530540ce6473,silvermouse792,blanche,Q30aVqiS,d9aba59e3831f9b24a3dd28765f723e0,c4a858d9a2e2e7cbece890c4ff6a032eafc5604c,7c20d633183dab0886258859da3dbc81d53a4eb1c313a8dc5f59a474b2bfb74d,1976-09-17T23:20:53.705Z,45,2012-11-10T11:50:56.693Z,9,04-4035-3807,0486-140-281,TFN,122856083,https://randomuser.me/api/portraits/men/48.jpg,https://randomuser.me/api/portraits/med/men/48.jpg,https://randomuser.me/api/portraits/thumb/men/48.jpg,AU
female,Miss,Tânia,de Souza,6858,Rua Principal,Linhares,Distrito Federal,Brazil,87952,22.6776,92.0953,+5:30,"Bombay, Calcutta, Madras, New Delhi",tania.desouza@example.com,c86c9611-defa-4009-9c90-a59016cf8843,sadgoose263,henry,LxG10AQD,1a507c0407efa6ce74c5cbd2e6a50007,436cdf16149a946159398ce55e795d28ea7b042e,caf57bb7a36de4a2f8690bec6c9fafcb9d313c2012ae8088a0b546141d9d8b98,1996-02-28T20:18:51.816Z,25,2017-02-11T19:55:57.298Z,4,(70) 0690-3424,(30) 1227-9766,,,https://randomuser.me/api/portraits/women/18.jpg,https://randomuser.me/api/portraits/med/women/18.jpg,https://randomuser.me/api/portraits/thumb/women/18.jpg,BR
male,Mr,سورنا,کامروا,2384,پارک شریعتی,یزد,هرمزگان,Iran,27329,-22.2463,15.9602,+2:00,"Kaliningrad, South Africa",swrn.khmrw@example.com,3bc2f490-e3bd-490e-b61c-98d185b57d7e,brownfish382,godzilla,P9rz4EDQ,f062f01858dd2dde5909cca0a45d4d60,48fdac62f2500a2ec768458aa3b27090d910bd2b,1aa6f2032ef2dc7d0d4912304bcf5eb354f5a8b2ecd26ce4cd6a298a07a3fdbf,1950-07-30T12:05:18.260Z,71,2007-10-18T03:07:51.896Z,14,089-60987305,0936-161-1352,,,https://randomuser.me/api/portraits/men/1.jpg,https://randomuser.me/api/portraits/med/men/1.jpg,https://randomuser.me/api/portraits/thumb/men/1.jpg,IR
male,Mr,Bruce,Snyder,8487,Marsh Ln,Launceston,Northern Territory,Australia,394,11.7945,90.6343,+3:00,"Baghdad, Riyadh, Moscow, St. Petersburg",bruce.snyder@example.com,53165d1e-f3b3-4295-acfb-3808d82ab947,happyrabbit875,tbone,Hp0JCdbr,98396bd0ba2f95f262e31a1e2845eb1c,e10b2ba2570c28b97007f019867c7b40a30f64f8,7255753890bd71a58f3f53cfaccb2a8797f434171b959d604038a433ffd0a6e0,1980-01-27T06:58:50.988Z,41,2016-07-07T23:04:11.123Z,5,04-2676-2343,0413-534-598,TFN,199852284,https://randomuser.me/api/portraits/men/87.jpg,https://randomuser.me/api/portraits/med/men/87.jpg,https://randomuser.me/api/portraits/thumb/men/87.jpg,AU
male,Mr,Adam,Addy,679,Concession Road 23,St. George,Newfoundland and Labrador,Canada,Z2O 7M5,-37.9139,-146.9899,+5:30,"Bombay, Calcutta, Madras, New Delhi",adam.addy@example.com,dee6713a-fbae-4fa3-9240-218d418802ec,redwolf270,erotica,smFCq1e4,9708aea0e8322433a58f8ab31b74bc75,928c0f252e24e4c0ccff45e6addac524c0159a2c,30b88723df643931cfb602cd17be606ce97cedf1c38e9969e02e6863d9b25e54,1970-12-08T16:25:36.283Z,51,2002-04-10T14:24:05.569Z,19,093-530-3298,943-755-3810,,,https://randomuser.me/api/portraits/men/72.jpg,https://randomuser.me/api/portraits/med/men/72.jpg,https://randomuser.me/api/portraits/thumb/men/72.jpg,CA
female,Ms,بهار,احمدی,1563,میدان شهید نامجو,ساوه,خراسان رضوی,Iran,36993,-36.7158,-123.7529,-9:00,Alaska,bhr.hmdy@example.com,c2cfd388-bb8d-4eca-b78a-899cc7920c44,lazygoose196,team,wdF5osUL,c3dcc8611dde3d1398fd97ff37d63967,aacf68bfd61ab21374c6cbd6ffa60254a0afbd2c,66904090bc000f1bd3c1851e8da235cbbb01e0998372fc4593a2ed516e84784c,1955-09-08T06:24:35.244Z,66,2010-02-04T20:47:04.040Z,11,007-99883538,0972-174-5409,,,https://randomuser.me/api/portraits/women/36.jpg,https://randomuser.me/api/portraits/med/women/36.jpg,https://randomuser.me/api/portraits/thumb/women/36.jpg,IR
male,Mr,پرهام,یاسمی,6588,اقبال لاهوری,ساری,همدان,Iran,11121,75.4572,-156.8704,+9:00,"Tokyo, Seoul, Osaka, Sapporo, Yakutsk",prhm.ysmy@example.com,be958717-f4b8-4859-98ce-a7d7c06da9e6,angrytiger256,stoned,qK4tM34Z,c06fe42dba56e98b0dbd0090d4c87d7a,f7ff9a9ef38f1f8cc95f39aad301bf8b604ab193,30e96219c93e4dabb66e6bf290db0424fd268ffbc24021ff070fb7d90be042d3,1949-09-11T15:10:26.763Z,72,2013-09-20T04:15:17.490Z,8,012-43250856,0984-591-2370,,,https://randomuser.me/api/portraits/men/49.jpg,https://randomuser.me/api/portraits/med/men/49.jpg,https://randomuser.me/api/portraits/thumb/men/49.jpg,IR
male,Mr,Glen,Jensen,9787,Park Road,Tramore,Fingal,Ireland,95266,-17.5765,149.7702,+4:00,"Abu Dhabi, Muscat, Baku, Tbilisi",glen.jensen@example.com,a321ea44-86c6-4e23-acdc-101c1ef2a557,goldenbutterfly257,1965,dvhieQXC,8df9efe3be614bb8327290ed7bd633cf,eb0133cd05caefa0c36020de2bdd281570c622cb,1de5ba8b60d412eea6838876ab54661bf136962daacc95ddaf26c6d9ae047404,1964-09-28T07:16:32.121Z,57,2012-08-27T02:05:18.451Z,9,031-134-5624,081-772-7571,PPS,8752002T,https://randomuser.me/api/portraits/men/76.jpg,https://randomuser.me/api/portraits/med/men/76.jpg,https://randomuser.me/api/portraits/thumb/men/76.jpg,IE
female,Mrs,Maya,Martin,2334,Rue Saint-Georges,Courbevoie,Indre-et-Loire,France,12549,27.9525,43.7066,-5:00,"Eastern Time (US & Canada), Bogota, Lima",maya.martin@example.com,9e7168f0-a596-4074-bb0a-9d42993733e6,blackgoose202,robin1,CXpZig86,05f7a5322cc41786aaf99f2ce9989df9,e7653719dc006b3f4bd1fdfb53c06faed24dc7db,f1043d53038623f7bd3cb1ee357d071f7ba47fbf4b9a95b10fc443fcbc1da4e7,1971-07-27T04:36:43.273Z,50,2003-07-25T22:22:31.010Z,18,02-74-11-57-17,06-90-64-03-70,INSEE,2NNaN85619040 26,https://randomuser.me/api/portraits/women/12.jpg,https://randomuser.me/api/portraits/med/women/12.jpg,https://randomuser.me/api/portraits/thumb/women/12.jpg,FR
